Date,Time,Temperature(°C),Interval(in minutes)
2026-10-01,11:50:19,-,30 sec
2026-10-01,11:50:19,28.2,0.5
2026-10-01,11:50:49,27.9,0.5
2026-10-01,11:51:19,27.8,0.5
2026-10-01,11:51:49,27.7,0.5
2026-10-01,11:52:19,27.6,0.5
2026-10-01,11:52:49,27.6,0.5
2026-10-01,11:53:19,27.6,0.5
2026-10-01,11:53:49,27.6,0.5
2026-10-01,11:54:19,27.6,0.5
2026-10-01,11:54:49,27.7,0.5
2026-10-01,11:55:19,27.7,0.5
2026-10-01,11:55:49,27.8,0.5
2026-10-01,11:56:19,27.8,0.5
2026-10-01,11:56:49,27.9,0.5
2026-10-01,11:57:19,28.0,0.5
2026-10-01,11:57:49,28.0,0.5
2026-10-01,11:58:19,28.0,0.5
2026-10-01,11:58:49,28.0,0.5
2026-10-01,11:59:19,28.1,0.5
2026-10-01,11:59:49,28.2,0.5
2026-10-01,12:00:19,28.2,0.5
2026-10-01,12:00:49,28.3,0.5
2026-10-01,12:01:19,28.3,0.5
2026-10-01,12:01:49,28.3,0.5
2026-10-01,12:02:19,28.3,0.5
2026-10-01,12:02:49,28.1,0.5
2026-10-01,12:03:19,27.8,0.5
2026-10-01,12:03:49,27.5,0.5
2026-10-01,12:04:19,27.3,0.5
2026-10-01,12:04:49,27.1,0.5
2026-10-01,12:05:19,27.0,0.5
2026-10-01,12:05:49,27.1,0.5
2026-10-01,12:06:19,27.2,0.5
2026-10-01,12:06:49,27.5,0.5
